<?xml version="1.0" encoding="UTF-8"?>
<project-private xmlns="http://www.netbeans.org/ns/project-private/1">
    <editor-bookmarks xmlns="http://www.netbeans.org/ns/editor-bookmarks/2" lastBookmarkId="0"/>
    <open-files xmlns="http://www.netbeans.org/ns/projectui-open-files/2">
        <group>
            <file>file:/C:/Users/POORVIKA/MPLABXProjects/black%20box/car%20black%20box.X/clear_log.c</file>
            <file>file:/C:/Users/POORVIKA/MPLABXProjects/black%20box/car%20black%20box.X/ext_eeprom.c</file>
            <file>file:/C:/Users/POORVIKA/MPLABXProjects/black%20box/car%20black%20box.X/view_log.c</file>
            <file>file:/C:/Users/POORVIKA/MPLABXProjects/black%20box/car%20black%20box.X/download_log.c</file>
            <file>file:/C:/Users/POORVIKA/MPLABXProjects/black%20box/car%20black%20box.X/change_password.c</file>
            <file>file:/C:/Users/POORVIKA/MPLABXProjects/black%20box/car%20black%20box.X/store_event.c</file>
            <file>file:/C:/Users/POORVIKA/MPLABXProjects/black%20box/car%20black%20box.X/main.c</file>
            <file>file:/C:/Users/POORVIKA/MPLABXProjects/black%20box/car%20black%20box.X/adc.c</file>
        </group>
    </open-files>
</project-private>
